id,precision,condition,mix_level,cmi,n_words,tts_lang,wer,cer,synth_s,audio_s,rtf,peak_mb,text,heard
EN001,fp16,EN,,0.0,9,en,0.0,0.0,1.98,3.29,0.602,7883.6,"Excuse me, this train is running late this morning.","Excuse me, this train is running late this morning."
HI001,fp16,HI,,0.0,11,hi,0.09090909090909091,0.06818181818181818,4.32,5.61,0.769,7908.6,क्षमा करें यह ट्रेन आज सुबह देर से चल रही है,"शमा करें यह ट्रेन, आज सुबह देर से चल रही है।"
EN002,fp16,EN,,0.0,10,en,0.0,0.0,2.29,3.62,0.632,7886.6,A new experiment was performed in the science class today.,A new experiment was performed in the science class today.
HI002,fp16,HI,,0.0,10,hi,0.0,0.0,3.19,5.38,0.593,7905.5,विज्ञान की कक्षा में आज एक नया प्रयोग किया गया,विज्ञान की कक्षा में आज एक नया प्रयोग किया गया।
EN003,fp16,EN,,0.0,11,en,0.0,0.0,1.76,3.06,0.576,7880.3,She studied all night and took the exam in the morning.,She studied all night and took the exam in the morning.
HI003,fp16,HI,,0.0,10,hi,0.1,0.021739130434782608,3.44,5.65,0.609,7908.1,उसने पूरी रात पढ़ाई की और सुबह जाकर परीक्षा दी,उसने पूरी रात पढ़ाई की और सुबह जाकर परिक्षा दी.
EN004,fp16,EN,,0.0,9,en,0.0,0.0,2.14,3.29,0.652,7883.6,The children started playing cricket on the school ground.,The children started playing cricket on the school ground.
HI004,fp16,HI,,0.0,10,hi,0.0,0.0,3.57,5.89,0.605,7910.6,बच्चों ने स्कूल के मैदान में क्रिकेट खेलना शुरू किया,बच्चों ने स्कूल के मैदान में क्रिकेट खेलना शुरू किया।
EN005,fp16,EN,,0.0,10,en,0.0,0.0,1.95,3.34,0.585,7884.1,I really enjoyed reading this book from start to finish.,I really enjoyed reading this book from start to finish.
HI005,fp16,HI,,0.0,11,hi,0.18181818181818182,0.041666666666666664,5.77,6.26,0.921,7914.6,मुझे यह किताब शुरू से अंत तक पढ़कर बहुत आनंद आया,मुझे यह किताब शुरू से अंट तक पढ़कर बहुत आनंड आया.
EN006,fp16,EN,,0.0,10,en,0.0,0.0,2.1,3.42,0.614,7885.5,The doctor advised the patient to take the medicine daily.,The doctor advised the patient to take the medicine daily.
HI006,fp16,HI,,0.0,10,hi,0.3,0.06976744186046512,3.1,4.64,0.667,7897.3,डॉक्टर ने मरीज़ को रोज़ दवा लेने की सलाह दी,डॉक्टर ने मरीज को रोज दवा लेने की सला दी।
EN007,fp16,EN,,0.0,11,en,0.0,0.0,1.86,3.42,0.543,7885.5,The whole city was glowing with lights on the festival day.,The whole city was glowing with lights on the festival day.
HI007,fp16,HI,,0.0,10,hi,0.1,0.06666666666666667,3.24,5.65,0.573,7908.1,त्योहार के दिन पूरा शहर रोशनी से जगमगा रहा था,तिवहार के दिन पूरा शहर रोशनी से जगमगा रहा था।
EN008,fp16,EN,,0.0,8,en,0.0,0.0,2.52,3.24,0.776,7883.2,The government announced the new education policy yesterday.,The government announced the new education policy yesterday.
HI008,fp16,HI,,0.0,10,hi,0.2,0.07317073170731707,3.06,4.96,0.616,7903.1,सरकार ने नई शिक्षा नीति की घोषणा कल ही की,सरकार ने नई शिक्षा नीती की घोशना कल ही की.
EN009,fp16,EN,,0.0,9,en,0.0,0.0,2.18,3.71,0.587,7887.4,Drinking hot tea feels good during the cold season.,Drinking hot tea feels good during the cold season.
HI009,fp16,HI,,0.0,10,hi,0.0,0.0,3.91,5.1,0.767,7903.4,ठंड के मौसम में गरम चाय पीना अच्छा लगता है,ठंड के मौसम में गरम चाय पीना अच्छा लगता है।
EN010,fp16,EN,,0.0,9,en,0.0,0.0,1.72,2.73,0.629,7878.1,They had sown a wheat crop in their field.,They had sown a wheat crop in their field.
HI010,fp16,HI,,0.0,9,hi,0.8888888888888888,0.7804878048780488,4.42,6.68,0.662,7919.0,उन्होंने अपने खेत में गेहूँ की फसल बोई थी,उन्होंने अपने खेट में गेहिन्यों नो चारिनाओ का सरिसम हिना दिखानी.
EN011,fp16,EN,,0.0,10,en,0.0,0.0,2.21,3.66,0.604,7886.9,This road is very narrow so you should drive slowly.,This road is very narrow so you should drive slowly.
HI011,fp16,HI,,0.0,10,hi,0.1,0.0196078431372549,3.52,6.08,0.579,7912.7,यह रास्ता बहुत संकरा है इसलिए आपको धीरे चलाना चाहिए,"यह रास्ता बहुत संक्रा है, इसलिए आपको धीरे चलाना चाहिए."
EN012,fp16,EN,,0.0,9,en,0.0,0.0,2.37,3.42,0.693,7885.5,The students studied quietly in the library all afternoon.,The students studied quietly in the library all afternoon.
HI012,fp16,HI,,0.0,10,hi,0.4,0.07142857142857142,3.29,5.65,0.583,7908.1,छात्रों ने पुस्तकालय में शांति से पूरी दोपहर अध्ययन किया,चात्रों ने पुस्तकालय में शांती से पूरी दुपहर अध्यान किया.
EN013,fp16,EN,,0.0,10,en,0.0,0.0,1.93,3.2,0.602,7882.9,We went to our grandmother's house during the summer holidays.,We went to our grandmother's house during the summer holidays.
HI013,fp16,HI,,0.0,10,hi,0.0,0.0,3.3,4.86,0.678,7903.1,गर्मियों की छुट्टियों में हम अपनी नानी के घर गए,गर्मियों की छुट्टियों में हम अपनी नानी के घर गए।
EN014,fp16,EN,,0.0,8,en,0.0,0.0,2.03,3.42,0.592,7885.5,Scientists have discovered a new planet in space.,Scientists have discovered a new planet in space.
HI014,fp16,HI,,0.0,10,hi,0.0,0.0,3.42,5.2,0.658,7903.7,वैज्ञानिकों ने अंतरिक्ष में एक नया ग्रह खोज लिया है,वैज्ञानिकों ने अंतरिक्ष में एक नया ग्रह खोज लिया है।
EN015,fp16,EN,,0.0,9,en,0.0,0.0,1.62,2.78,0.58,7878.4,The match was cancelled today because of the rain.,The match was cancelled today because of the rain.
HI015,fp16,HI,,0.0,10,hi,0.1,0.05,2.97,5.2,0.571,7903.6,बारिश के कारण आज का मैच रद्द कर दिया गया,बारिश के कारण आज का मैच रद कर दिया गया।
EN016,fp16,EN,,0.0,9,en,0.0,0.0,2.44,3.24,0.752,7883.2,Her voice was so sweet that everyone was enchanted.,Her voice was so sweet that everyone was enchanted.
HI016,fp16,HI,,0.0,10,hi,0.3,0.06521739130434782,3.48,5.85,0.595,7910.2,उसकी आवाज़ इतनी मधुर थी कि सब मंत्रमुग्ध हो गए,उसकी आवाज इतनी मधुर थी कि सब मंत्र मुग्द हो गए.
EN017,fp16,EN,,0.0,9,en,0.0,0.0,2.39,4.03,0.594,7890.9,The farmers woke early and headed toward their fields.,The farmers woke early and headed toward their fields.
HI017,fp16,HI,,0.0,10,hi,0.1,0.020833333333333332,4.22,5.94,0.711,7911.2,किसान सुबह जल्दी उठकर अपने खेतों की ओर निकल पड़े,किसान सुबहा जल्दी उठकर अपने खेतों की ओर निकल पड़े।
EN018,fp16,EN,,0.0,10,en,0.1,0.05084745762711865,1.98,3.62,0.547,7886.5,The construction of this bridge was completed ten years ago.,The construction of this bridge was completed 10 years ago.
HI018,fp16,HI,,0.0,10,hi,0.1,0.023809523809523808,3.14,4.78,0.656,7899.4,इस पुल का निर्माण दस वर्ष पहले ही पूरा हुआ,इस पुल का निर्मान दस वर्ष पहले ही पूरा हुआ.
EN019,fp16,EN,,0.0,8,en,0.0,0.0,1.89,3.42,0.552,7885.5,He admitted his mistake and asked for forgiveness.,He admitted his mistake and asked for forgiveness.
HI019,fp16,HI,,0.0,10,hi,0.3,0.044444444444444446,3.25,5.65,0.574,7908.1,उसने अपनी गलती स्वीकार की और माफ़ी भी मांग ली,उसने अपनी गलती स्वीकार की और माफी भी मांगली.
EN020,fp16,EN,,0.0,9,en,0.0,0.0,2.26,3.42,0.659,7885.5,The roads closed because snow fell on the mountains.,The roads closed because snow fell on the mountains.
HI020,fp16,HI,,0.0,10,hi,1.6,1.2340425531914894,5.93,9.89,0.6,7954.2,पहाड़ों पर बर्फ़ गिरने से सारे रास्ते बंद हो गए,पहारों पर बर्फ गिरनी सी सारी रास्ती बंद हो गई। इस शमूनी सा नवरंडाईन नाज़ो चर्फ शार्णन्यानी भू गई।
EN021,fp16,EN,,0.0,8,en,0.0,0.0,1.65,2.55,0.646,7876.7,I had a very scary dream last night.,I had a very scary dream last night.
HI021,fp16,HI,,0.0,10,hi,0.1,0.023255813953488372,3.1,5.29,0.585,7904.9,मैंने कल रात एक बहुत ही डरावना सपना देखा था,मैंने कल रात एक बहुत ही दरावना सपना देखा था।
EN022,fp16,EN,,0.0,9,en,0.1111111111111111,0.12962962962962962,2.06,3.52,0.586,7885.9,This ancient temple was built in the sixteenth century.,This ancient temple was built in the 16th century.
HI022,fp16,HI,,0.0,9,hi,0.1111111111111111,0.08163265306122448,3.55,5.33,0.666,7905.3,यह प्राचीन मंदिर सोलहवीं शताब्दी में बनाया गया था,यह प्राचीन मंदिर सॉल्विंग शताब्दी में बनाया गया था।
EN023,fp16,EN,,0.0,9,en,0.0,0.0,1.89,3.34,0.567,7884.1,The teacher asked everyone in class to listen carefully.,The teacher asked everyone in class to listen carefully.
HI023,fp16,HI,,0.0,10,hi,0.4,0.0851063829787234,3.75,5.89,0.637,7910.6,अध्यापक ने कक्षा में सबको ध्यान से सुनने को कहा,"अध्याबग ने कक्षा में सब को ध्यान सी सुनने को कहा,"
EN024,fp16,EN,,0.0,11,en,0.0,0.0,1.93,3.1,0.62,7881.8,He reached the office late because he was stuck in traffic.,He reached the office late because he was stuck in traffic.
HI024,fp16,HI,,0.0,10,hi,0.4,0.12,3.1,5.24,0.591,7904.5,ट्रैफ़िक में फँसने के कारण वह दफ़्तर देर से पहुँचा,ट्राफिक में फसने के कारण वह दफ्तर दी से पहुँचा.
EN025,fp16,EN,,0.0,8,en,0.0,0.0,2.27,3.01,0.754,7879.7,We should plant trees to protect the environment.,We should plant trees to protect the environment.
HI025,fp16,HI,,0.0,10,hi,0.2,0.09803921568627451,2.89,4.96,0.583,7903.1,हमें पर्यावरण की रक्षा के लिए अधिक पेड़ लगाने चाहिए,हमें परियावरन की रक्षा के लिए अधिक पीर लगाने चाहिए।
EN026,fp16,EN,,0.0,10,en,0.0,0.0,1.97,3.15,0.627,7882.1,He wrote a letter and sent it to his friend.,He wrote a letter and sent it to his friend.
HI026,fp16,HI,,0.0,10,hi,0.1,0.09090909090909091,3.64,5.29,0.689,7904.9,उसने एक पत्र लिखकर अपने मित्र को भेज दिया था,उसने एक पत्र लिखकर अपने मित्र को भेज जीताया था।
EN027,fp16,EN,,0.0,8,en,0.0,0.0,1.84,3.34,0.55,7884.1,Vegetable prices in the market rose sharply today.,Vegetable prices in the market rose sharply today.
HI027,fp16,HI,,0.0,10,hi,0.3,0.06521739130434782,3.49,5.71,0.611,7908.7,बाज़ार में आज सब्ज़ियों के दाम बहुत बढ़ गए हैं,बाजार में आज सब्जियों की दाम बहुत बढ़ गए हैं।
EN028,fp16,EN,,0.0,9,en,0.1111111111111111,0.061224489795918366,1.81,3.34,0.544,7884.0,The girl won first place in the dance competition.,The girl won first place in a dance competition.
HI028,fp16,HI,,0.0,10,hi,0.0,0.0,3.2,5.43,0.589,7906.0,लड़की ने नृत्य प्रतियोगिता में पहला स्थान प्राप्त किया था,लड़की ने नृत्य प्रतियोगिता में पहला स्थान प्राप्त किया था।
EN029,fp16,EN,,0.0,8,en,0.0,0.0,2.02,2.78,0.727,7878.4,The fog is very dense on winter mornings.,The fog is very dense on winter mornings.
HI029,fp16,HI,,0.0,10,hi,0.2,0.0625,3.69,6.22,0.593,7914.2,सर्दियों की सुबह कोहरा बहुत घना और सफ़ेद होता है,सर्दियों की सुभै कोहरा बहुत घना और सफेद होता है।
EN030,fp16,EN,,0.0,10,en,0.0,0.0,2.21,3.85,0.575,7889.0,They did not lose courage even in a difficult situation.,They did not lose courage even in a difficult situation.
HI030,fp16,HI,,0.0,9,hi,0.1111111111111111,0.019230769230769232,3.66,5.29,0.691,7904.9,उन्होंने कठिन परिस्थिति में भी अपनी हिम्मत नहीं हारी,उन्होंने कठिन परिस्थिती में भी अपनी हिम्मत नहीं हारी.
EN031,fp16,EN,,0.0,8,en,0.0,0.0,1.71,2.78,0.613,7878.4,Wheat and mustard are cultivated in this region.,Wheat and mustard are cultivated in this region.
HI031,fp16,HI,,0.0,10,hi,0.2,0.06666666666666667,3.24,5.33,0.608,7905.2,इस क्षेत्र में गेहूँ और सरसों की खेती होती है,इस क्षेत्र में गेहू और सरसाँ की खेती होती है।
EN032,fp16,EN,,0.0,8,en,0.0,0.0,2.55,4.27,0.597,7893.4,The child fell asleep immediately after drinking milk.,The child fell asleep immediately after drinking milk.
HI032,fp16,HI,,0.0,10,hi,0.2,0.09090909090909091,3.24,5.52,0.588,7906.7,बच्चा दूध पीने के तुरंत बाद गहरी नींद सो गया,बच्चा दूद पीने के तुरंत बाद गहरी निम सो गया।
EN033,fp16,EN,,0.0,11,en,0.0,0.0,2.42,3.24,0.745,7883.3,There is always a crowd of patients at the government hospital.,There is always a crowd of patients at the government hospital.
HI033,fp16,HI,,0.0,10,hi,0.2,0.057692307692307696,3.88,6.44,0.603,7916.6,सरकारी अस्पताल में मरीज़ों की भीड़ हमेशा लगी रहती है,सरकारी अस्पताल में मरीजों की भील हमेशा लगी रहती है।
EN034,fp16,EN,,0.0,10,en,0.0,0.0,1.67,3.01,0.556,7879.7,She gave her brother a watch as a birthday gift.,She gave her brother a watch as a birthday gift.
HI034,fp16,HI,,0.0,10,hi,0.2,0.045454545454545456,3.71,5.38,0.689,7905.6,उसने अपने भाई को जन्मदिन पर एक घड़ी उपहार दी,उसने अपने भाई को जनव दिन पर एक घड़ी उपहार दी.
EN035,fp16,EN,,0.0,8,en,0.0,0.0,1.48,2.45,0.601,7876.7,I felt very sad after watching this film.,I felt very sad after watching this film.
HI035,fp16,HI,,0.0,10,hi,0.8,0.7674418604651163,5.34,7.98,0.669,7933.0,यह फ़िल्म देखने के बाद मुझे बहुत दुख हुआ था,यह फ़ल्म देखने के बाद मुझे बहुत दुख हुआ था. इससे उन्हों रहन चीज से चैसे हैं.
EN036,fp16,EN,,0.0,8,en,0.0,0.0,1.86,2.97,0.627,7879.3,The villagers were busy preparing for the festival.,The villagers were busy preparing for the festival.
HI036,fp16,HI,,0.0,10,hi,0.7,0.574468085106383,4.32,6.73,0.642,7920.6,गाँव के सभी लोग त्योहार की तैयारी में व्यस्त थे,"इस सम्नोने नो टिदा नवया, गाउं के सभी लोग त्योहार की तयारी में व्यस्त थे।"
EN037,fp16,EN,,0.0,8,en,0.0,0.0,1.53,2.64,0.579,7877.7,The court delivered its verdict in this case.,The court delivered its verdict in this case.
HI037,fp16,HI,,0.0,10,hi,0.2,0.0392156862745098,3.52,5.8,0.606,7909.7,न्यायालय ने इस पूरे मामले में अपना निर्णय सुना दिया,नियायालय ने इस पूरे मामले में अपना निर्नय सुना दिया।
EN038,fp16,EN,,0.0,10,en,0.0,0.0,1.95,3.01,0.649,7879.7,We sat on the roof and kept watching the stars.,We sat on the roof and kept watching the stars.
HI038,fp16,HI,,0.0,10,hi,0.4,0.075,2.77,4.82,0.574,7899.7,छत पर बैठकर हम देर तक तारों को देखते रहे,छद पर बैठ कर हम देर तक तारों को देखती रहे।
EN039,fp16,EN,,0.0,9,en,0.0,0.0,1.63,2.87,0.569,7878.8,His hard work finally paid off in the end.,His hard work finally paid off in the end.
HI039,fp16,HI,,0.0,10,hi,0.3,0.07317073170731707,4.12,5.75,0.716,7909.1,उसकी मेहनत का फल उसे आख़िर में मिल ही गया,उसकी महनत का फोल उसे आखिर में मिल ही गया.
EN040,fp16,EN,,0.0,11,en,0.0,0.0,1.98,3.52,0.564,7886.0,There was a long queue of passengers at the railway station.,There was a long queue of passengers at the railway station.
HI040,fp16,HI,,0.0,10,hi,0.0,0.0,3.02,5.43,0.555,7906.0,रेलवे स्टेशन पर यात्रियों की बहुत लंबी कतार लगी थी,रेलवे स्टेशन पर यात्रियों की बहुत लंबी कतार लगी थी।
EN041,fp16,EN,,0.0,8,en,0.0,0.0,1.61,2.78,0.578,7878.4,Grandmother used to tell us stories every night.,Grandmother used to tell us stories every night.
HI041,fp16,HI,,0.0,10,hi,0.3,0.0625,2.9,4.73,0.613,7899.0,दादी माँ हर रात हमें नई कहानियाँ सुनाया करती थीं,दादी मा हर रात हमें नई कहानिया सुनाया करती थी।
EN042,fp16,EN,,0.0,8,en,0.0,0.0,1.7,3.06,0.555,7880.3,Rural areas will benefit greatly from this scheme.,Rural areas will benefit greatly from this scheme.
HI042,fp16,HI,,0.0,10,hi,0.2,0.0392156862745098,3.62,5.57,0.65,7907.2,इस योजना से ग्रामीण क्षेत्रों को बहुत अधिक लाभ होगा,इस योजना से ग्रामीन क्षेत्रों को बहुत अधिक लाब होगा।
EN043,fp16,EN,,0.0,8,en,0.125,0.09090909090909091,2.03,3.71,0.546,7887.4,He wakes at five every morning and exercises.,He wakes at 5 every morning and exercises.
HI043,fp16,HI,,0.0,9,hi,0.4444444444444444,0.08695652173913043,4.33,6.12,0.707,7913.1,वह प्रतिदिन सुबह पाँच बजे उठकर व्यायाम करता है,वह प्रति दिन सुभा पांच बजे उठकर व्यायाम करता है।
EN044,fp16,EN,,0.0,10,en,0.0,0.0,1.55,2.87,0.54,7878.8,The fishermen set out to catch fish in the sea.,The fishermen set out to catch fish in the sea.
HI044,fp16,HI,,0.0,10,hi,0.2,0.12,3.08,5.29,0.582,7905.0,मछुआरे समुद्र में मछली पकड़ने सुबह ही निकल पड़े थे,मच्चुवारे समुद्र में मचली पकड़ने सुबह ही निकल पड़े थे।
EN045,fp16,EN,,0.0,8,en,0.0,0.0,2.15,3.57,0.602,7886.1,This book has been translated into several languages.,This book has been translated into several languages.
HI045,fp16,HI,,0.0,10,hi,0.0,0.0,3.09,5.38,0.575,7905.6,इस पुस्तक का अनुवाद अब तक कई भाषाओं में हुआ,इस पुस्तक का अनुवाद अब तक कई भाषाओं में हुआ.
EN046,fp16,EN,,0.0,9,en,0.0,0.0,1.96,3.06,0.641,7880.2,The contractor did not pay the workers on time.,The contractor did not pay the workers on time.
HI046,fp16,HI,,0.0,10,hi,0.3,0.06382978723404255,3.56,5.85,0.609,7910.2,ठेकेदार ने मज़दूरों को समय पर वेतन नहीं दिया था,ठेकिदार ने मजदूरों को समय पर वीतन नहीं दिया था।
EN047,fp16,EN,,0.0,10,en,0.0,0.0,2.05,3.48,0.588,7885.7,The sky turned orange as soon as the sun set.,The sky turned orange as soon as the sun set.
HI047,fp16,HI,,0.0,10,hi,0.1,0.022727272727272728,4.26,6.22,0.685,7914.2,सूरज ढलते ही आसमान पूरा नारंगी रंग का हो गया,सूरज धलते ही आसमान पूरा नारंगी रंग का हो गया.
EN048,fp16,EN,,0.0,9,en,0.0,0.0,1.75,3.24,0.541,7883.2,The students presented a play at the annual function.,The students presented a play at the annual function.
HI048,fp16,HI,,0.0,10,hi,0.2,0.08333333333333333,3.38,5.75,0.588,7909.2,विद्यार्थियों ने वार्षिक समारोह में एक नाटक प्रस्तुत किया था,विद्यार्थियों ने वाशिक समारोहों में एक नाटक प्रस्तुत किया था।
EN049,fp16,EN,,0.0,8,en,0.0,0.0,2.23,3.8,0.588,7888.2,The soil here is very fertile for farming.,The soil here is very fertile for farming.
HI049,fp16,HI,,0.0,11,hi,0.18181818181818182,0.04,2.69,4.82,0.558,7899.8,यहाँ की मिट्टी खेती के लिए बहुत उपजाऊ मानी जाती है,यहां की मिट्टी खेती के लिए बहुत उपजाओ मानी जाती है।
EN050,fp16,EN,,0.0,11,en,0.0,0.0,2.47,3.52,0.702,7886.0,He came home angry and slammed the door shut behind him.,He came home angry and slammed the door shut behind him.
HI050,fp16,HI,,0.0,11,hi,0.18181818181818182,0.06382978723404255,3.35,5.8,0.578,7909.7,वह क्रोध में घर आया और दरवाज़ा ज़ोर से बंद किया,वह क्रोध में घर आया और दर्वाजा जोर से बंद किया।
HGM001,fp16,HING_MIX,low,11.1,9,hi,0.0,0.0,3.24,5.43,0.597,7906.0,मैंने कल रात अपना project पूरा कर लिया था,मैंने कल रात अपना प्रोजेक्ट पूरा कर लिया था।
HGR001,fp16,HING_ROM,low,11.1,9,en,0.3333333333333333,0.0975609756097561,3.86,6.54,0.59,7917.6,Maine kal raat apna project poora kar liya tha,में काल राट अपनी प्रोजेक्ट पूरा कार लिया थाक्स
HGM002,fp16,HING_MIX,low,10.0,10,hi,0.2,0.06382978723404255,3.53,5.89,0.6,7910.6,डॉक्टर ने कहा कि मुझे यह medicine रोज़ लेनी है,डॉक्टर ने कहा कि मुझे यह मेडिसिन रोज लेनी है।
HGR002,fp16,HING_ROM,low,10.0,10,en,0.9,0.40425531914893614,3.77,6.54,0.577,7917.6,Doctor ne kaha ki mujhe yeh medicine roz leni hai,"Dr. Noor Yohan, Kahaki Moya. E-Medicine, Rosalini Hai."
HGM003,fp16,HING_MIX,low,11.1,9,hi,0.1111111111111111,0.08333333333333333,2.99,5.29,0.566,7904.9,उसका interview अगले हफ़्ते सोमवार को होने वाला है,उसका इंटरव्यू अगले हफ़ते सोमवार को होने वाला है।
HGR003,fp16,HING_ROM,low,11.1,9,en,0.6666666666666666,0.22916666666666666,3.86,6.59,0.586,7918.2,Uska interview agle hafte Somvaar ko hone wala hai,"उसके इंटरव्यू, एगल हाफ्ते सौन वार, को होने वाला है।"
HGM004,fp16,HING_MIX,low,11.1,9,hi,0.0,0.0,2.74,4.68,0.586,7897.7,बच्चे शाम को park में खेलने चले गए थे,बच्चे शाम को पार्क में खेलने चले गए थे।
HGR004,fp16,HING_ROM,low,11.1,9,en,0.4444444444444444,0.21052631578947367,4.9,8.17,0.6,7935.1,Bachche shaam ko park mein khelne chale gaye the,"बच्चे शाम को पार्क, मान केलने, शाले, गे, सू, सी."
HGM005,fp16,HING_MIX,low,11.1,9,hi,0.2222222222222222,0.09090909090909091,3.34,5.01,0.667,7903.1,मुझे इस साल का result देखकर बहुत ख़ुशी हुई,मुझे इस साल का रिजुल देखकर बहुत खुशी होई।
HGR005,fp16,HING_ROM,low,11.1,9,en,0.4444444444444444,0.19047619047619047,3.37,5.85,0.577,7910.2,Mujhe is saal ka result dekhkar bahut khushi hui,"मुयुए इस साल का रिजॉल्ट देखकार बहूर्ट, खुशी हुई."
HGM006,fp16,HING_MIX,low,11.1,9,hi,0.3333333333333333,0.1702127659574468,3.97,5.71,0.695,7908.7,हमारी flight सुबह छह बजे दिल्ली से रवाना होगी,हमारी फ्लाइट सुभा 6 बजे दिल्ली से रवाना होगी.
HGR006,fp16,HING_ROM,low,11.1,9,en,0.7777777777777778,0.2708333333333333,3.51,5.98,0.587,7911.7,Hamari flight subah chhah baje Delhi se rawana hogi,हमारी फ्लाइट सुबा शाबाय. देलीजे रोवाना होगी.
HGM007,fp16,HING_MIX,low,11.1,9,hi,0.2222222222222222,0.04878048780487805,3.53,5.52,0.641,7906.7,उसने अपना नया phone कल बाज़ार से ख़रीदा था,उसने अपना नया फोन कल बाजार से खरीदा था।
HGR007,fp16,HING_ROM,low,11.1,9,en,0.4444444444444444,0.12195121951219512,2.92,5.1,0.573,7903.4,Usne apna naya phone kal bazaar se khareeda tha,"उसने अपना नाया फोन, काल बजार, सिकरीदा था."
HGM008,fp16,HING_MIX,low,11.1,9,hi,0.2222222222222222,0.045454545454545456,2.98,5.29,0.563,7904.9,मैं रोज़ सुबह जल्दी उठकर gym जाने लगा हूँ,मैं रोज सुबा जल्दी उठकर गिम जाने लगा हूँ।
HGR008,fp16,HING_ROM,low,11.1,9,en,1.0,0.2558139534883721,3.38,5.8,0.582,7909.7,Main roz subah jaldi uthkar gym jaane laga hoon,नेन रासुबा यालदी उथकार। जिम्न याने लागाहून।
HGM009,fp16,HING_MIX,low,11.1,9,hi,0.2222222222222222,0.09302325581395349,2.91,5.2,0.561,7903.6,यह movie देखने के बाद मुझे बहुत अच्छा लगा,यहां मूवी देखने के बाद मुझे बहुत अच्छा लगा.
HGR009,fp16,HING_ROM,low,11.1,9,en,0.8888888888888888,0.32558139534883723,2.64,4.73,0.558,7899.0,Yeh movie dekhne ke baad mujhe bahut achha laga,ये मूवी देशन कबाएं मूई वाहूट आखा लागा।
HGM010,fp16,HING_MIX,low,11.1,9,hi,0.1111111111111111,0.023255813953488372,2.61,4.73,0.551,7899.0,उसकी salary पिछले महीने से थोड़ी बढ़ गई है,उसकी सरारी पिछले महिने से थोड़ी बढ़ गई है।
HGR010,fp16,HING_ROM,low,11.1,9,en,0.4444444444444444,0.11627906976744186,3.42,5.29,0.646,7905.0,Uski salary pichhle mahine se thodi badh gayi hai,"आसकी सैलरी, पिखले महीन से तोड़ी बाद गाई है।"
HGM011,fp16,HING_MIX,low,11.1,9,hi,0.2222222222222222,0.06818181818181818,3.03,5.24,0.579,7904.5,हमें कल तक यह form ज़रूर जमा करना होगा,हमें कल तक यह फॉर्म जरूर जमा करना होगा.
HGR011,fp16,HING_ROM,low,11.1,9,en,0.6666666666666666,0.17777777777777778,3.83,5.57,0.688,7907.2,Hamein kal tak yeh form zaroor jama karna hoga,हमाईं काल तक ये फॉर्म सर्वर जमाकारना होगा।
HGM012,fp16,HING_MIX,low,11.1,9,hi,0.7777777777777778,0.5,3.71,6.3,0.589,7915.1,मेरे papa हर रविवार को सब्ज़ी लेने जाते हैं,मेरे पापा नोना हर वैयार नो कमान शान ही सीखाने जाते हैं।
HGR012,fp16,HING_ROM,low,11.1,9,en,0.7777777777777778,0.18181818181818182,4.48,6.5,0.689,7917.1,Mere papa har Ravivaar ko sabzi lene jaate hain,मेर पपाहर राविवार को सब्सीलेन याते हाइनें।
HGM013,fp16,HING_MIX,low,11.1,9,hi,1.5555555555555556,1.3243243243243243,5.11,8.59,0.595,7939.5,उसने अपनी car पिछले साल ही बेच दी थी,"उस सिन्याई दोन, अरम्नो नोगरो, इन सिव दोन ही चालिण, दिस इनाईं से बाद कारबरा."
HGR013,fp16,HING_ROM,low,11.1,9,en,0.7777777777777778,0.43243243243243246,3.22,5.61,0.573,7908.6,Usne apni car pichhle saal hi bech di thi,उज्यानान अपनी कार पिशला जालाई बेश्टिती
HGM014,fp16,HING_MIX,low,11.1,9,hi,0.3333333333333333,0.061224489795918366,3.66,5.75,0.637,7909.1,यह building सोलह मंज़िल ऊँची और बहुत पुरानी है,"यह बिल्डिंग सोला, मन्जिल, उंची और बहुत पुरानी है."
HGR014,fp16,HING_ROM,low,11.1,9,en,0.4444444444444444,0.10204081632653061,3.99,6.77,0.589,7921.0,Yeh building solah manzil oonchi aur bahut purani hai,"ये बिल्डिंग सोल मांसील उंची ओर, बाहुट पुरानी, हाई."
HGM015,fp16,HING_MIX,low,11.1,9,hi,0.1111111111111111,0.05263157894736842,3.12,4.36,0.715,7894.3,बारिश की वजह से आज school बंद कर दिया,बारिश की वज़ा से आज स्कूल बंद कर दिया।
HGR015,fp16,HING_ROM,low,11.1,9,en,0.5555555555555556,0.2631578947368421,3.93,6.77,0.58,7920.9,Baarish ki wajah se aaj school band kar diya,"बारिश के इवी, वाया से, आया स्कूर, बांड कार, दिया."
HGM016,fp16,HING_MIX,low,11.1,9,hi,0.2222222222222222,0.07317073170731707,3.68,5.15,0.714,7903.5,उसने मुझे कल रात एक लंबा message भेजा था,उसने मुझे कल रात एक लंबा मिस्सागे धीजा था।
HGR016,fp16,HING_ROM,low,11.1,9,en,0.8888888888888888,0.2926829268292683,3.61,6.22,0.58,7914.2,Usne mujhe kal raat ek lamba message bheja tha,"उजना मुयकाल, राट, एकलंबा, मैसेज बेयाता."
HGM017,fp16,HING_MIX,low,11.1,9,hi,0.1111111111111111,0.06382978723404255,3.84,5.75,0.667,7909.1,मेरी बहन अगले साल college में दाख़िला लेगी शायद,"मेरी बहन अगले साल कॉलेज में दाखिला लेगी, शायद."
HGR017,fp16,HING_ROM,low,11.1,9,en,0.7777777777777778,0.20833333333333334,3.8,6.54,0.581,7917.6,Meri behen agle saal college mein daakhila legi shayad,"मेरी बिहेन, अगलिसाल कॉलेज माइंड आकीला, लेगी शाया"
HGM018,fp16,HING_MIX,low,11.1,9,hi,0.2222222222222222,0.075,3.67,5.29,0.694,7904.9,उन्होंने घर का पूरा design ख़ुद तैयार किया था,उन्होंने घर का पूरा देशिंग फुद तयार किया था।
HGR018,fp16,HING_ROM,low,11.1,9,en,0.7777777777777778,0.2,3.9,6.03,0.648,7912.1,Unhone ghar ka poora design khud taiyaar kiya tha,"उन्हों गार्कापूरा, डिसाइन कूद ताया किया ताँ."
HGM019,fp16,HING_MIX,low,10.0,10,hi,0.2,0.1,3.87,5.29,0.732,7904.9,यह train आज तीन घंटे देर से चल रही है,यह ट्रेन आज तीन घंटें और देर से चल रही है।
HGR019,fp16,HING_ROM,low,10.0,10,en,0.7,0.275,2.66,4.68,0.567,7897.7,Yeh train aaj teen ghante der se chal rahi hai,"ये च्रेंचांती देंचे, देर सी शाल रही है।"
HGM020,fp16,HING_MIX,low,11.1,9,hi,0.0,0.0,3.43,5.29,0.648,7904.9,मुझे उसका address अभी तक नहीं मिल पाया है,मुझे उसका आद्रेस अभी तक नहीं मिल पाया है।
HGR020,fp16,HING_ROM,low,11.1,9,en,0.1111111111111111,0.02564102564102564,2.96,5.2,0.569,7903.7,Mujhe uska address abhi tak nahi mil paaya hai,मुझे उसका अद्रेस अभी तक नाही मेल पाया है।
HGM021,fp16,HING_MIX,low,11.1,9,hi,0.1111111111111111,0.045454545454545456,3.63,5.47,0.663,7906.3,हमने पूरा हफ़्ता इस project पर मेहनत की थी,हमने पूरा हफता इस प्रोजेक्ट पर मेहनत की थी.
HGR021,fp16,HING_ROM,low,11.1,9,en,0.6666666666666666,0.18181818181818182,3.07,5.2,0.59,7903.7,Humne poora hafta is project par mehnat ki thi,हमनु पूरा हफ्ता इस प्रोजेक्ट पा मेनाटकी थित्व.
HGM022,fp16,HING_MIX,low,11.1,9,hi,0.1111111111111111,0.025,2.93,5.1,0.575,7903.4,मेरे दोस्त ने नया laptop कल ही ख़रीद लिया,मेरे दोस्त ने नया लाप्टॉप कल ही खरीद लिया।
HGR022,fp16,HING_ROM,low,11.1,9,en,0.6666666666666666,0.225,2.38,4.17,0.57,7892.4,Mere dost ne naya laptop kal hi khareed liya,"मिर्डस्ट ननाया लैप्टॉप, काल हाई करीड लिया"
HGM023,fp16,HING_MIX,low,10.0,10,hi,1.3,1.2444444444444445,6.4,9.93,0.644,7954.3,बच्चों की exam अगले महीने से शुरू हो रही है,"मच्चनी एक्साम अगले महिने से शुरू रही है, बोल यिस से जारिया नॉस पुरशा दिखाने निदिमों को अटान्जा."
HGR023,fp16,HING_ROM,low,10.0,10,en,0.8,0.26666666666666666,4.31,7.19,0.599,7924.6,Bachchon ki exam agle mahine se shuru ho rahi hai,"बख जोन काई, इक्जाम अगल, माहीन सीशूरो, हो वही है।"
HGM024,fp16,HING_MIX,low,11.1,9,hi,0.0,0.0,3.32,5.38,0.617,7905.5,उसने अपना bag बस में ही छोड़ दिया था,उसने अपना बाग बस में ही छोड़ दिया था।
HGR024,fp16,HING_ROM,low,11.1,9,en,0.4444444444444444,0.21621621621621623,3.7,6.3,0.587,7915.1,Usne apna bag bus mein hi chhod diya tha,"अजना आपना बाग बुस, माईनी शोड दिया था।"
HGM025,fp16,HING_MIX,low,11.1,9,hi,0.1111111111111111,0.07692307692307693,3.09,4.82,0.64,7899.7,यह दवा खाने के बाद fever कम हो जाएगा,यह दवा खाने के बाद फीवर कम हो जाएगा.
HGR025,fp16,HING_ROM,low,11.1,9,en,0.5555555555555556,0.21052631578947367,3.31,5.75,0.576,7909.1,Yeh dawa khaane ke baad fever kam ho jayega,"यदावा, कानके बाद, फीवर, काम हो, जयेगा"
HGM026,fp16,HING_MIX,low,11.1,9,hi,2.0,1.6571428571428573,6.58,8.91,0.738,7943.0,मैंने उसे कल शाम को एक email भेजा था,"मैंने ये नान ताय नावे, वान ते सना ते चाउन, कंटाट वोकशाद है नाया कि तना चाना न जादा ता."
HGR026,fp16,HING_ROM,low,11.1,9,en,0.7777777777777778,0.2857142857142857,4.4,6.59,0.668,7918.2,Maine use kal shaam ko ek email bheja tha,में यूज कालशम को एक इमेल बेया ता वा
HGM027,fp16,HING_MIX,low,11.1,9,hi,0.1111111111111111,0.044444444444444446,2.67,4.54,0.587,7896.2,हमारी team ने इस बार बहुत अच्छा प्रदर्शन किया,हमारी टीम ने इस बार बहुत अच्छा प्रदर्शन किया.
HGR027,fp16,HING_ROM,low,11.1,9,en,0.2222222222222222,0.06521739130434782,3.21,5.38,0.596,7905.6,Hamari team ne is baar bahut achha pradarshan kiya,हमारी टीम ने इस बार बहुत अख़ा प्रदर्शान किया.
HGM028,fp16,HING_MIX,low,10.0,10,hi,0.1,0.022222222222222223,2.67,4.64,0.574,7897.2,उसका बड़ा भाई एक बड़ी company में काम करता है,उसका बड़ा भाई एक बड़ी कोंपानी में काम करता है।
HGR028,fp16,HING_ROM,low,10.0,10,en,0.3,0.08695652173913043,4.68,7.38,0.634,7926.7,Uska bada bhai ek badi company mein kaam karta hai,"उसका बादा बाई, एके, बादी कॉंपनी, मैं काम कार्टा, हाई."
HGM029,fp16,HING_MIX,low,11.1,9,hi,0.2222222222222222,0.04,2.99,5.24,0.57,7904.5,मुझे कल सुबह hospital जाकर दवा लेनी होगी ज़रूर,मुझे काल सुबह होपिताल जाकर दवा लेनी होगी जरूर.
HGR029,fp16,HING_ROM,low,11.1,9,en,0.5555555555555556,0.16,4.23,6.17,0.685,7913.6,Mujhe kal subah hospital jaakar dawa leni hogi zaroor,"मुये काल जूबा, हास्पितल याकर दावा लेनी होगी सरोब."
HGM030,fp16,HING_MIX,low,11.1,9,hi,0.4444444444444444,0.10638297872340426,3.23,5.38,0.601,7905.6,उसने पूरी रात बैठकर अपना homework पूरा किया था,उसने पूरी राद बैठ कर अपना होमॉर्क पूरा किया था।
HGR030,fp16,HING_ROM,low,11.1,9,en,0.4444444444444444,0.08695652173913043,3.52,5.33,0.66,7905.3,Usne poori raat baithkar apna homework poora kiya tha,"उजने पूरी राद बेथकार अपना homework, पूरा, किया, तक."
HGM031,fp16,HING_MIX,low,11.1,9,hi,0.3333333333333333,0.07142857142857142,3.4,5.89,0.578,7910.6,यह जगह शहर के बहुत नज़दीक और safe है,यह जगः शहर की बहुत नजदीक और साफे है।
HGR031,fp16,HING_ROM,low,11.1,9,en,0.4444444444444444,0.19047619047619047,3.84,6.03,0.638,7912.1,Yeh jagah shehar ke bahut nazdeek aur safe hai,ये जागा शेहर के बहुत नास्टेक और सेफ है।
HGM032,fp16,HING_MIX,low,11.1,9,hi,0.3333333333333333,0.06666666666666667,2.99,5.2,0.576,7903.6,मेरी मम्मी हर सुबह tea बनाकर मुझे देती हैं,मेरी मम्मी हर सुबह टी बना कर मुझे देती हैं।
HGR032,fp16,HING_ROM,low,11.1,9,en,0.3333333333333333,0.13333333333333333,3.4,5.65,0.601,7908.1,Meri mummy har subah tea banakar mujhe deti hain,"मेरी मुमी हार, सुबाती बानर कार, मुझे देती हैं।"
HGM033,fp16,HING_MIX,low,10.0,10,hi,0.3,0.09259259259259259,3.42,6.03,0.567,7912.1,उसने अपनी बात बहुत confidence के साथ सबके सामने रखी,उसने अपनी बात बहुत कुंफिदेंस के साथ सब के सामने रखी.
HGR033,fp16,HING_ROM,low,10.0,10,en,0.5,0.25925925925925924,4.15,6.5,0.639,7917.2,Usne apni baat bahut confidence ke saath sabke saamne rakhi,उसने आपनी बात बहूट कॉन्फिडेंस किसा आदब सम्दर राखी।
HGM034,fp16,HING_MIX,low,10.0,10,hi,0.4,0.18604651162790697,3.23,5.38,0.6,7905.5,हमें इस काम के लिए और time चाहिए होगा शायद,हमें इस सान के लिए और थान के लिए होगा शायद.
HGR034,fp16,HING_ROM,low,10.0,10,en,0.2,0.13636363636363635,3.85,6.03,0.639,7912.1,Hamein is kaam ke liye aur time chahiye hoga shayad,"हमाईन इस काम के लिए, और वार्टाइम, चाहिये होगा शयाद."
HGM035,fp16,HING_MIX,low,10.0,10,hi,0.0,0.0,3.37,5.47,0.615,7906.3,वह अपनी class में हमेशा पहले नंबर पर आता है,वह अपनी क्लास में हमेशा पहले नंबर पर आता है।
HGR035,fp16,HING_ROM,low,10.0,10,en,0.4,0.10204081632653061,5.22,7.61,0.686,7929.1,Woh apni class mein hamesha pehle number par aata hai,वो अपनी क्लास मैं हमेशा पेले नमबर पार आता है।
HGM036,fp16,HING_MIX,medium,20.0,10,hi,0.3,0.13333333333333333,3.33,5.61,0.593,7908.6,कल की meeting cancel हो गई इसलिए मैं घर रहा,"कल की मैं तिंग ठानसल हो गई, इसलिए मैं घर रहा."
HGR036,fp16,HING_ROM,medium,20.0,10,en,0.6,0.15555555555555556,5.24,7.74,0.677,7930.6,Kal ki meeting cancel ho gayi isliye main ghar raha,कालकी मीटिंग कैंसल हो गैयी इसलिया मैन गा रहा
HGM037,fp16,HING_MIX,medium,30.0,10,hi,0.2,0.08,3.48,6.12,0.568,7913.1,उसने अपनी report submit करके manager को भेज दी थी,उसने अपनी रेपोर्ट सुमित करके मानेजर को भेज दी थी.
HGR037,fp16,HING_ROM,medium,30.0,10,en,0.7,0.24,3.62,5.47,0.661,7906.4,Usne apni report submit karke manager ko bhej di thi,उसे इन आपनी रिपोर्ट सब्मिट करके मैनेजर को बेड़ी थी।
HGM038,fp16,HING_MIX,medium,30.0,10,hi,0.1,0.04081632653061224,3.34,5.89,0.567,7910.6,मुझे इस weekend कोई movie देखने का plan बनाना है,मुझे इस विकेंड कोई मूवी देखने का प्लान बनाना है।
HGR038,fp16,HING_ROM,medium,30.0,10,en,0.4,0.14583333333333334,3.89,6.12,0.636,7913.2,Mujhe is weekend koi movie dekhne ka plan banana hai,मुझे इस वीकेंड कोई मुवी डेशनिका प्लाउन बनाना है
HGM039,fp16,HING_MIX,medium,30.0,10,hi,0.4,0.2,3.43,5.94,0.578,7911.2,हमने कल का schedule change करके नया plan बना लिया,हमने कल का शैदूरा और नो चांगे करके नया प्रान बना लिया।
HGR039,fp16,HING_ROM,medium,30.0,10,en,0.5,0.14,4.15,6.91,0.6,7922.0,Humne kal ka schedule change karke naya plan bana liya,हमने कालका शेडूल चेंस कारके नाया प्लां बाना लिया
HGM040,fp16,HING_MIX,medium,20.0,10,hi,0.2,0.07142857142857142,3.2,5.61,0.57,7908.6,मेरा phone कल से बहुत slow चल रहा है अब,मेरा फ़ोन कल से बहुत स्लो चल रहा है अब।
HGR040,fp16,HING_ROM,medium,20.0,10,en,0.7,0.23809523809523808,3.58,6.08,0.589,7912.7,Mera phone kal se bahut slow chal raha hai ab,"निरफॉन, काल सिबाहूट, स्लोचाल, रहा है आग।"
HGM041,fp16,HING_MIX,medium,30.0,10,hi,0.5,0.17777777777777778,3.39,5.29,0.641,7904.9,उसने online form भरकर fees भी जमा कर दी थी,उसने ओन्लाइन फॉर्म भर कर फेज भी जमा कर दी थी।
HGR041,fp16,HING_ROM,medium,30.0,10,en,0.6,0.17777777777777778,3.74,6.36,0.588,7915.7,Usne online form bharkar fees bhi jama kar di thi,"उसने ओन्लाइन, फॉर्म बारकार फीज, बिया जामा कार दिती."
HGM042,fp16,HING_MIX,medium,30.0,10,hi,0.2,0.06521739130434782,3.54,5.8,0.61,7909.7,आज traffic इतना heavy था कि मैं late पहुँच गया,आज ट्रफी इतना हवी था कि मैं लाते पहुँँच गया.
HGR042,fp16,HING_ROM,medium,30.0,10,en,0.5,0.15217391304347827,3.55,5.65,0.627,7908.1,Aaj traffic itna heavy tha ki main late pahunch gaya,"आज ट्राफिक इतना हेवी द काई माईन, लेट पहुंच गाया."
HGM043,fp16,HING_MIX,medium,30.0,10,hi,0.3,0.08695652173913043,3.2,5.24,0.612,7904.5,मेरी सारी files कल laptop से delete हो गई थीं,मेरी सारी फिलस कल लाप्टोप से दिलेते हो गई थी।
HGR043,fp16,HING_ROM,medium,30.0,10,en,0.4,0.15217391304347827,3.07,5.2,0.591,7903.7,Meri saari files kal laptop se delete ho gayi thin,"मेरी सारी, फाइलस का लैपटॉप से देलेती हो गाई थिन।"
HGM044,fp16,HING_MIX,medium,20.0,10,hi,0.2,0.09615384615384616,4.63,7.19,0.644,7924.6,उसका interview अच्छा गया लेकिन result अभी तक नहीं आया,"उसका इंटरव्यू अच्छा गया, लेकिन रेसॉल्ट अभी तक नहीं आया."
HGR044,fp16,HING_ROM,medium,20.0,10,en,0.6,0.19230769230769232,3.42,5.98,0.571,7911.7,Uska interview achha gaya lekin result abhi tak nahi aaya,उसके एंटर्व्यू आखा गाया लेकिन रिजोल्ट अभी ताक ना ही आयाया.
HGM045,fp16,HING_MIX,medium,30.0,10,hi,0.1,0.041666666666666664,3.87,5.61,0.691,7908.6,हमने पूरी night study करके exam की तैयारी की थी,हमने पूरी नाइट स्टूदी करके एकसाम की तयारी की थी।
HGR045,fp16,HING_ROM,medium,30.0,10,en,0.6,0.25,3.72,6.44,0.578,7916.6,Humne poori night study karke exam ki taiyaari ki thi,हमने पूरी नाइच्टडी कारके एक्जाम की तयारी किती सिथ.
HGM046,fp16,HING_MIX,medium,30.0,10,hi,0.3,0.07142857142857142,3.98,5.47,0.727,7906.3,यह app बहुत useful है और बिल्कुल free भी है,यह आप बहुत उसे फुल है और बिल्कुल फ्री भी है।
HGR046,fp16,HING_ROM,medium,30.0,10,en,0.8,0.2857142857142857,3.8,6.59,0.576,7918.2,Yeh app bahut useful hai aur bilkul free bhi hai,ये अपभगत यूसफल हायो बिलकुल फ्री बियाई हाई
HGM047,fp16,HING_MIX,medium,18.2,11,hi,0.2727272727272727,0.13725490196078433,3.66,5.33,0.685,7905.3,मुझे office से घर पहुँचने में एक hour लग जाता है,मुझे ओफीस से घर पहुँचने आमें एक हावर लग जाता है।
HGR047,fp16,HING_ROM,medium,18.2,11,en,0.7272727272727273,0.2549019607843137,3.28,5.8,0.565,7909.8,Mujhe office se ghar pahunchne mein ek hour lag jaata hai,"मुझे अफिस सिगार पहुंचने मैं एक हेवा, लाक याता है।"
HGM048,fp16,HING_MIX,medium,20.0,10,hi,0.4,0.09259259259259259,4.02,5.71,0.705,7908.7,उसने अपना account close करवाकर सारा पैसा निकाल लिया था,उसने अपना आकाउंट क्रोज करवा कर सारा पैसा निकाल लिया था.
HGR048,fp16,HING_ROM,medium,20.0,10,en,0.7,0.14814814814814814,4.58,7.7,0.595,7930.2,Usne apna account close karwakar saara paisa nikaal liya tha,"उसे ना अपना अकाउंट, क्लोस करवका, सारा पाइजा, निकाल लिया, ताल."
HGM049,fp16,HING_MIX,medium,30.0,10,hi,0.4,0.1568627450980392,3.21,5.65,0.567,7908.1,मेरे friends ने birthday party का पूरा इंतज़ाम किया था,मेरी फ्रेंज ने बर्दे पार्टी का पूरा इंतजाम किया था।
HGR049,fp16,HING_ROM,medium,30.0,10,en,0.7,0.2549019607843137,4.17,6.4,0.651,7916.2,Mere friends ne birthday party ka poora intezaam kiya tha,"मिर फ्रेंज न बिर्थ्टे पार्टी, का पूरा, इंटिजान कियता"
HGM050,fp16,HING_MIX,medium,18.2,11,hi,0.18181818181818182,0.05555555555555555,3.12,5.52,0.565,7906.7,यह restaurant बहुत famous है लेकिन खाना देर से आता है,"यह रेस्टोरान बहुत फामोंस है, लेकिन खाना देर से आता है."
HGR050,fp16,HING_ROM,medium,18.2,11,en,0.6363636363636364,0.18518518518518517,4.17,6.22,0.671,7914.2,Yeh restaurant bahut famous hai lekin khaana der se aata hai,ये रेस्टोरांड अहूट फेमस हाई लिकिन काना देर सियाता हाई
HGM051,fp16,HING_MIX,medium,20.0,10,hi,0.4,0.057692307692307696,3.83,6.03,0.636,7912.1,उसने मुझे WhatsApp पर video भेजकर पूरी बात समझा दी,उसने मुझे वाटसाब पर वीडियो भेज कर पूरी बात समझा दी.
HGR051,fp16,HING_ROM,medium,20.0,10,en,0.7,0.29411764705882354,4.32,6.36,0.679,7915.7,Usne mujhe WhatsApp par video bhejkar poori baat samjha di,उजिनुय वच्सेप पार वीडियो बेहिकार पूरी बात समचदी.
HGM052,fp16,HING_MIX,medium,30.0,10,hi,1.2,1.0888888888888888,6.44,10.4,0.619,7959.1,मेरी booking confirm हो गई और ticket भी मिल गया,मेरी बुकिन कांफर होगई और टिकेट बीमल गया. संदान आजेंदास इलसोआ. तक श्टान्दा कमाजेंदा.
HGR052,fp16,HING_ROM,medium,30.0,10,en,0.5,0.13333333333333333,2.92,5.2,0.562,7903.7,Meri booking confirm ho gayi aur ticket bhi mil gaya,"मेरी बुकिंग कंफर्म, होगे और टिकट बाई मिल गया"
HGM053,fp16,HING_MIX,medium,27.3,11,hi,0.18181818181818182,0.14814814814814814,3.87,5.61,0.69,7908.6,इस software को install करने में बहुत time लग रहा है,इस सफ्टवेर को इंस्टाल करने में बहुत टाइन लग रहा है।
HGR053,fp16,HING_ROM,medium,27.3,11,en,0.36363636363636365,0.14545454545454545,3.46,6.03,0.575,7912.2,Is software ko install karne mein bahut time lag raha hai,इस सौफ्टवेर को इंस्टॉल कारने माइन बाहू टाइम लाग राहा हाई।
HGM054,fp16,HING_MIX,medium,20.0,10,hi,0.1,0.04081632653061224,3.68,5.38,0.685,7905.6,उसने अपनी shop बंद करके नया business शुरू कर दिया,उसने अपनी शोप बंद करके नाया बुशने सुरू कर दिया।
HGR054,fp16,HING_ROM,medium,20.0,10,en,0.5,0.14285714285714285,4.28,7.33,0.584,7926.1,Usne apni shop band karke naya business shuru kar diya,उसने अपनी शॉप बैंड़ कार के नाया बिजनिस शूरू कार दिया।
HGM055,fp16,HING_MIX,medium,30.0,10,hi,1.2,1.0740740740740742,6.48,10.35,0.627,7958.5,हमारी class आज online होगी क्योंकि teacher बाहर गए हैं,"हमारी क्लास आज ओर्लाइन होगी, क्योंकि टीचर बाहर गए हैं. उनुन दिल था नाट पुंड्यानायन सादी स्पोर्ड टेंडो हार गए."
HGR055,fp16,HING_ROM,medium,30.0,10,en,0.3,0.11320754716981132,4.73,7.47,0.634,7927.6,Hamari class aaj online hogi kyunki teacher bahar gaye hain,"हमारी क्लास Online होगी क्योंकी Teacher Bahar, Gay Hine"
HGM056,fp16,HING_MIX,medium,20.0,10,hi,0.1,0.02040816326530612,3.56,5.75,0.619,7909.1,मैंने अपना password change कर लिया लेकिन फिर भूल गया,"मैंने अपना फासवर्ड चंगे कर लिया, लेकिन फिर भूल गया."
HGR056,fp16,HING_ROM,medium,20.0,10,en,0.5,0.12244897959183673,3.3,5.75,0.573,7909.2,Maine apna password change kar liya lekin phir bhool gaya,"Main APNA Password, Change Karelia Likin, Fear Bull Gaia."
HGM057,fp16,HING_MIX,medium,30.0,10,hi,0.4,0.16666666666666666,3.5,5.89,0.595,7910.6,यह project deadline से पहले complete करना बहुत ज़रूरी है,यहाँ प्रोजेक्ट डेडलाइन से पहले कॉंपलेट करना बहुत जरूरी है।
HGR057,fp16,HING_ROM,medium,30.0,10,en,0.5,0.2,3.64,6.12,0.595,7913.2,Yeh project deadline se pehle complete karna bahut zaroori hai,ये प्रोजेक्ट डेडलाइन से पेल कंपलीट कारणा बाहूत सरूरी है।
HGM058,fp16,HING_MIX,medium,20.0,10,hi,0.3,0.04,3.31,5.8,0.571,7909.7,उसका result अच्छा आया इसलिए सबने उससे party मांगी कल,"उसका रेजूल्ट अच्छा आया, इसलिए सब ने उससे पार्टी मांगी कल."
HGR058,fp16,HING_ROM,medium,20.0,10,en,0.7,0.17647058823529413,3.68,6.5,0.567,7917.2,Uska result achha aaya isliye sabne usse party maangi kal,"उसका रिजल्ट आखा आयाई. इसलिए जब ने उसो, पार्टी मंजी काल."
HGM059,fp16,HING_MIX,medium,20.0,10,hi,0.1,0.05405405405405406,4.14,6.12,0.676,7913.1,मेरे बड़े भाई ने नई job join कर ली है,मेरे बड़े भाई ने नई जोब जॉइन कर ली है।
HGR059,fp16,HING_ROM,medium,20.0,10,en,0.9,0.2972972972972973,2.52,4.31,0.585,7893.8,Mere bade bhai ne nayi job join kar li hai,"मेरे बाद एड बाइन एन आई जॉब, जॉइंग कार लीहाई।"
HGM060,fp16,HING_MIX,medium,30.0,10,hi,0.3,0.08333333333333333,3.69,5.85,0.631,7910.1,यह video बहुत viral हुआ और लाखों views मिल गए,यह वीडियो बहुत विराल हुआ और लाकां व्यूस मिल गए।
HGR060,fp16,HING_ROM,medium,30.0,10,en,0.5,0.1702127659574468,4.12,7.33,0.562,7926.1,Yeh video bahut viral hua aur laakhon views mil gaye,ये विडियो बहुत विराल हुआ और अलाकन व्यूज मिल गए।
HGM061,fp16,HING_MIX,medium,18.2,11,hi,0.18181818181818182,0.05172413793103448,4.0,5.89,0.68,7910.7,हमें इस issue को जल्दी solve करना पड़ेगा वरना दिक्कत होगी,हमें इस इस्यूई को जल्दी सॉल्वे करना पड़ेगा वरना दिक्कत होगी.
HGR061,fp16,HING_ROM,medium,18.2,11,en,0.2727272727272727,0.06779661016949153,4.8,7.56,0.634,7928.7,Hamein is issue ko jaldi solve karna padega warna dikkat hogi,"हमें इस इश्यू को याल्डी, सोल्वे करना, पदेगा वार्णा. दिकत होगी."
HGM062,fp16,HING_MIX,medium,30.0,10,hi,0.2,0.0392156862745098,3.12,5.47,0.57,7906.3,उसने अपना ticket book करवा लिया लेकिन seat नहीं मिली,"उसने अपना टिक्केट बूग करवा लिया, लेकिन साथ नहीं मिली."
HGR062,fp16,HING_ROM,medium,30.0,10,en,0.5,0.14,3.66,6.44,0.568,7916.6,Usne apna ticket book karwa liya lekin seat nahi mili,"उसने अपना टिकेट बुक, कारवालीया लिकीन सीट, नाही मेरे."
HGM063,fp16,HING_MIX,medium,30.0,10,hi,0.4,0.1,3.2,5.71,0.561,7908.7,मुझे नया router इस month order करना पड़ेगा शायद अब,"मुझे नया रोटर इस मॉंट ओर्डर करना परेगा, शायद अब।"
HGR063,fp16,HING_ROM,medium,30.0,10,en,0.7,0.2,3.62,6.08,0.595,7912.7,Mujhe naya router is month order karna padega shayad ab,मुयन्नाया राउटर इस मंथ ओर्डर कार्ण पदेगा शायद अबल
HGM064,fp16,HING_MIX,medium,20.0,10,hi,0.2,0.047619047619047616,3.03,5.38,0.564,7905.6,आज lunch में मैंने कुछ भी heavy नहीं खाया था,आज लुण्श में मैंने कुछ भी हावी नहीं खाया था।
HGR064,fp16,HING_ROM,medium,20.0,10,en,0.9,0.3023255813953488,4.59,6.77,0.677,7921.0,Aaj lunch mein maine kuchh bhi heavy nahi khaaya tha,"आईजि लंच, माईन में कोख, भी ही है वी नाही कहाया था।"
HGM065,fp16,HING_MIX,medium,20.0,10,hi,2.2,1.3508771929824561,5.8,9.84,0.59,7954.0,उसने बहुत मेहनत करके अपनी company को successful बना दिया,"उसने ही बहुत नहीं नाई दिन करक्या पर नहने, कारल नाना बहासे बढ़ावा देश से की किजी मी दो ठातो मार, आरे नो कभी।"
HGR065,fp16,HING_ROM,medium,20.0,10,en,0.4,0.21052631578947367,3.42,6.12,0.558,7913.2,Usne bahut mehnat karke apni company ko successful bana diya,"उसने बहुत मेनाद कारके, अपनी कमो सुक्सेसफुल. बना दिया."
HGM066,fp16,HING_MIX,medium,20.0,10,hi,0.3,0.11320754716981132,3.38,5.57,0.606,7907.2,यह course पूरा करने में लगभग छह month लग जाएंगे,इह course पूरा करने में लगभग 6 मौन्ट लग जाएंगी.
HGR066,fp16,HING_ROM,medium,20.0,10,en,1.0,0.2830188679245283,3.49,6.17,0.566,7913.7,Yeh course poora karne mein lagbhag chhah month lag jayenge,"ये कौस पोरा काने मैंन लागबागशा, मन्थ लागजेन।"
HGM067,fp16,HING_MIX,medium,18.2,11,hi,0.09090909090909091,0.03773584905660377,2.98,4.92,0.607,7903.1,मुझे कल morning शहर से बाहर meeting के लिए जाना है,मुझे कल मोर्निंग शहर से बाहर मेतिन के लिए जाना है।
HGR067,fp16,HING_ROM,medium,18.2,11,en,0.5454545454545454,0.1509433962264151,3.56,6.26,0.569,7914.7,Mujhe kal morning shehar se bahar meeting ke liye jaana hai,मुये कार मोर्निंग. शिहार. जे बहार मिटिंग लिये याना है.
HGM068,fp16,HING_MIX,medium,20.0,10,hi,0.1,0.02040816326530612,3.9,6.12,0.637,7913.1,उसने अपनी सारी savings उस business में लगा दी थीं,उसने अपनी सारी साविंग्स उस बुशिनेस में लगा दी थी।
HGR068,fp16,HING_ROM,medium,20.0,10,en,0.9,0.2653061224489796,3.99,6.82,0.585,7921.3,Usne apni saari savings us business mein laga di thi,"उसेनी यानी सारी, सैर्विंग्स अस बिसनिस, माइन लागादी शी."
HGM069,fp16,HING_MIX,medium,20.0,10,hi,0.2,0.09259259259259259,4.2,5.75,0.73,7909.1,हमारी society में हर साल बड़ा function होता रहता है,हमारी सोसियटी में हर साल बड़ा फुंक्षों होता रहता है।
HGR069,fp16,HING_ROM,medium,20.0,10,en,0.4,0.16363636363636364,4.09,6.87,0.595,7921.8,Hamari society mein har saal bada function hota rehta hai,"हमारी सिसायटी मैं हार साल, बादा फुंक्षन होता, रेटा हाई."
HGM070,fp16,HING_MIX,medium,27.3,11,hi,0.09090909090909091,0.02040816326530612,3.97,5.65,0.702,7908.1,मैंने उसे call किया लेकिन उसका number busy आ रहा था,"मैंने उसे काल किया, लेकिन उसका नुम्बर बुशी आ रहा था."
HGR070,fp16,HING_ROM,medium,27.3,11,en,0.5454545454545454,0.12244897959183673,3.47,5.98,0.579,7911.7,Maine use call kiya lekin uska number busy aa raha tha,"Main Use Call, Kialikin Uska Number. Busy Air, Rahata."
HGM071,fp16,HING_MIX,high,40.0,10,hi,0.4,0.125,4.26,5.94,0.717,7911.2,मुझे कल जल्दी office जाकर morning meeting attend करनी है,मुझे कल जल्दी ओफिस से जाकर मौर्निंग मैटिंग आतन करनी है।
HGR071,fp16,HING_ROM,high,40.0,10,en,1.1,0.23214285714285715,4.45,7.7,0.578,7930.1,Mujhe kal jaldi office jaakar morning meeting attend karni hai,मुई जे काल. याल दी ओफिस या कार मॉर्णिंग मीटिंग. अटेंट कार निहाई.
HGM072,fp16,HING_MIX,high,40.0,10,hi,0.7,0.4375,4.37,7.47,0.585,7927.6,मेरा project submit करने की last date कल ही है,मेरा प्रोजेक्ट सुम्मित करने की लास्तों देट कल ही है वो अनो खोर्जी है।
HGR072,fp16,HING_ROM,high,40.0,10,en,0.4,0.10416666666666667,4.29,6.12,0.7,7913.2,Mera project submit karne ki last date kal hi hai,"मेरा प्रोजेक्ट सब्मिट काने. की लास्ट. डेट काल हाई, हाई."
HGM073,fp16,HING_MIX,high,50.0,10,hi,0.5,0.15,3.35,5.65,0.592,7908.1,उसने resume update करके multiple companies में apply कर दिया,"उसने रेज में अपदेट करके, Multiple Company में आपले कर दिया."
HGR073,fp16,HING_ROM,high,50.0,10,en,0.3,0.11475409836065574,4.16,6.03,0.69,7912.2,Usne resume update karke multiple companies mein apply kar diya,"उसने यर Zoom update कारके multiple companies, मैंने apply कार दिया."
HGM074,fp16,HING_MIX,high,36.4,11,hi,0.36363636363636365,0.14285714285714285,3.71,5.8,0.639,7909.7,आज weather pleasant है इसलिए हम outing plan कर रहे हैं,"आज वेदा प्लेजांट है, इसलिए हम ओटिंग प्रान कर रहे हैं."
HGR074,fp16,HING_ROM,high,36.4,11,en,0.6363636363636364,0.2857142857142857,5.56,8.21,0.676,7935.6,Aaj weather pleasant hai isliye hum outing plan kar rahe hain,"आईज वेधर प्लेजन्ट हाई, आईज इधियो होमाउतिंग. प्लान कार, रोहे हाईन."
HGM075,fp16,HING_MIX,high,36.4,11,hi,1.0,0.7230769230769231,5.5,8.59,0.64,7939.6,मेरी team ने पूरा presentation deadline से पहले complete कर लिया,मेरी टीम ने पूरा प्रेजंटाशन डेडलाइन से पहले कॉंट्रा नरूबो खेडीजी का राइन से पहले कॉंट्राइट कर लिया.
HGR075,fp16,HING_ROM,high,36.4,11,en,0.8181818181818182,0.3076923076923077,4.66,7.24,0.643,7925.2,Meri team ne poora presentation deadline se pehle complete kar liya,मेरी टीम नेपोरा प्रेजेंटेशन डेडलाइन से पेलिया कंप्लीट कारलिया
HGM076,fp16,HING_MIX,high,36.4,11,hi,0.36363636363636365,0.20588235294117646,3.62,6.3,0.574,7915.1,उसका performance इस quarter बहुत positive रहा और promotion भी मिला,उसका पाफॉर्मांस इस क्वार्टर बहुत पॉजिटिव रहा और प्रोमोशन भी मिला.
HGR076,fp16,HING_ROM,high,36.4,11,en,0.6363636363636364,0.3088235294117647,4.4,6.22,0.708,7914.3,Uska performance is quarter bahut positive raha aur promotion bhi mila,"उसका परफॉर्मेंस इस कौर्टर बहत, पॉजिटिव राहा, और प्रमोशन बायाई मेलाई"
HGM077,fp16,HING_MIX,high,45.5,11,hi,0.09090909090909091,0.017857142857142856,3.45,5.98,0.576,7911.7,हमें backup लेकर सारा data new server पर shift करना है,हमें backup लेकर सारा दाधा new server पर shift करना है।
HGR077,fp16,HING_ROM,high,45.5,11,en,0.8181818181818182,0.22807017543859648,4.42,6.44,0.686,7916.6,Hamein backup lekar saara data new server par shift karna hai,"हमाई बैकअप, लिका सारा, डेटा न्यू सेर्वर, पार शिफ्ट का नहाई."
HGM078,fp16,HING_MIX,high,36.4,11,hi,0.18181818181818182,0.07692307692307693,3.06,5.38,0.57,7905.6,मैं weekend पर friends के साथ shopping mall जा रहा हूँ,मैं वेकेंड पर फ्रियंस के साथ शोपिंग माल जा रहा हूँ.
HGR078,fp16,HING_ROM,high,36.4,11,en,0.5454545454545454,0.1346153846153846,4.6,7.19,0.64,7924.7,Main weekend par friends ke saath shopping mall jaa raha hoon,"मेन वीकेंड, पा फ्रेंड्स का जाथ शॉपिंग मॉल, या राहा हून."
HGM079,fp16,HING_MIX,high,40.0,10,hi,0.4,0.11320754716981132,3.21,5.57,0.576,7907.2,उसने online payment करके order confirm कर दिया था कल,उसने ओर्लाइन पेमान्ट करके ओर्डर कोंफिर्म कर दिया था कल।
HGR079,fp16,HING_ROM,high,40.0,10,en,0.5,0.11320754716981132,3.12,5.61,0.557,7908.7,Usne online payment karke order confirm kar diya tha kal,"उसने Online Payment कारके ओर, Confirm Cardia, धाकाल."
HGM080,fp16,HING_MIX,high,40.0,10,hi,0.5,0.1568627450980392,3.38,5.98,0.564,7911.7,मेरा laptop battery drain हो रही है बहुत fast आजकल,मेरा लाप्तो पातरी दोयन हो रही है बहुत फास्ट आजखल।
HGR080,fp16,HING_ROM,high,40.0,10,en,0.4,0.13725490196078433,4.24,7.19,0.59,7924.7,Mera laptop battery drain ho rahi hai bahut fast aajkal,मेरा लेप्टॉप बैटरी ड्रेन हो रही हाई बहुत फास्ट अशकाल
HGM081,fp16,HING_MIX,high,36.4,11,hi,0.45454545454545453,0.10344827586206896,4.16,6.4,0.649,7916.2,इस semester के subjects बहुत tough हैं और syllabus लंबा है,इस सेमेस्टर के सुबजेक्ट बहुत ठुक है और शिलाबू लंबा है।
HGR081,fp16,HING_ROM,high,36.4,11,en,0.5454545454545454,0.1724137931034483,2.99,5.06,0.591,7903.3,Is semester ke subjects bahut tough hain aur syllabus lamba hai,इस समेस्टर के सबजेक्स बाहो तुफ हैं और सिलिबुस लांबा हाई.
HGM082,fp16,HING_MIX,high,40.0,10,hi,1.3,0.7407407407407407,4.85,7.09,0.684,7923.6,हमारी startup ने पिछले month अच्छा funding raise कर लिया,"हमारी स्टार रायं थे मैं अटे जामाएं, हमारी स्टार तक्ष ने मुझ अच्छा फुंडिंग रैस कर लिया।"
HGR082,fp16,HING_ROM,high,40.0,10,en,0.7,0.2,3.52,6.26,0.563,7914.7,Hamari startup ne pichhle month achha funding raise kar liya,हमारी स्टारप नो पिशल मौन्थ अका फ़डिंग रेस का लिया।
HGM083,fp16,HING_MIX,high,36.4,11,hi,0.2727272727272727,0.07692307692307693,3.43,5.52,0.621,7906.7,मुझे इस file का backup लेकर folder में save करना है,मुझे इस फीले का बाककप लेकर फोल्डर में सावे करना है।
HGR083,fp16,HING_ROM,high,36.4,11,en,0.5454545454545454,0.24528301886792453,3.06,5.43,0.563,7906.0,Mujhe is file ka backup lekar folder mein save karna hai,मुझे इस फाइल का बैकअब लेकार फोल्डर। माइंड साविकाना हाई।
HGM084,fp16,HING_MIX,high,36.4,11,hi,0.2727272727272727,0.125,3.03,5.33,0.568,7905.3,उसने gym join करके अपनी fitness पर focus करना शुरू किया,उसने गिमा जोइन करके अपनी फिन्नप पर फोकूट करना शुरू किया.
HGR084,fp16,HING_ROM,high,36.4,11,en,0.36363636363636365,0.08928571428571429,4.25,7.56,0.562,7928.7,Usne gym join karke apni fitness par focus karna shuru kiya,"उसने जीम जोएन कारके अपनी फिटनिस, पार फोकुस, करना, शुरू किया."
HGM085,fp16,HING_MIX,high,45.5,11,hi,0.36363636363636365,0.16981132075471697,3.23,5.85,0.553,7910.2,आज traffic jam की वजह से meeting completely miss हो गई,आज ट्रफिक जाम की वजए से मेटिंग कॉंपरेट्सी मिस हो गई।
HGR085,fp16,HING_ROM,high,45.5,11,en,0.8181818181818182,0.2641509433962264,3.56,5.85,0.609,7910.2,Aaj traffic jam ki wajah se meeting completely miss ho gayi,आज ट्राफिक जन के वाया जिमीटिंग कंप्लीटली मिस होगाई।
HGM086,fp16,HING_MIX,high,40.0,10,hi,0.5,0.14545454545454545,3.68,6.3,0.584,7915.1,मेरे manager ने पूरी report review करके feedback भेज दिया,मेरे मनाजाने पूरी रेपोर्ट रेव्यू करके फीदबाक भीज दिया।
HGR086,fp16,HING_ROM,high,40.0,10,en,0.6,0.21818181818181817,4.14,5.8,0.714,7909.8,Mere manager ne poori report review karke feedback bhej diya,"मिर मैनेजर, नो पूरी रेपोर्ट, रेव्यू कारके फीडबैक, बेई डिया"
HGM087,fp16,HING_MIX,high,45.5,11,hi,0.7272727272727273,0.3448275862068966,3.53,6.4,0.552,7916.1,यह software update install करने के बाद system fast हो गया,"ये साफ्टवेर अपदेट इनस्टार करने के बाद, शिस्टेवन फास्ट होगा या."
HGR087,fp16,HING_ROM,high,45.5,11,en,0.6363636363636364,0.22413793103448276,3.88,5.94,0.653,7911.3,Yeh software update install karne ke baad system fast ho gaya,"ये सौफ्ट्रेयर अपडेट इंस्टॉल, कार्ने किबाद सिस्टम, फास्ट हो गया."
HGM088,fp16,HING_MIX,high,40.0,10,hi,0.5,0.1509433962264151,3.43,6.17,0.556,7913.6,उसने bank जाकर account details update करवा लिए थे कल,उसने बाँजाकर अकाउंट देटाइस अपदेद करवा लिये थे कल।
HGR088,fp16,HING_ROM,high,40.0,10,en,0.7,0.22641509433962265,3.18,5.65,0.562,7908.1,Usne bank jaakar account details update karwa liye the kal,उसने बांक या कार अकाउंट डीटेयल्स अपडेट कारवा लिये दकाल
HGM089,fp16,HING_MIX,high,40.0,10,hi,0.4,0.17857142857142858,2.93,5.2,0.565,7903.7,हमारी college fest की planning अभी तक complete नहीं हुई,हमारी कलेट श्वेस्ट की प्रानिन अभी तक कोंपलेता नहीं हुई।
HGR089,fp16,HING_ROM,high,40.0,10,en,0.3,0.12727272727272726,4.99,8.73,0.571,7941.1,Hamari college fest ki planning abhi tak complete nahi hui,हमारी कॉलेज. फेस्ट की. प्लानिंग. अबी टाक कम्प्लीट नाही हुई.
HGM090,fp16,HING_MIX,high,40.0,10,hi,0.2,0.1276595744680851,3.13,4.5,0.695,7895.8,मैं daily morning walk पर जाता हूँ health के लिए,"मैं दाइली मोर्णिंग वॉग पर जाता हूँ, हरस के लिए."
HGR090,fp16,HING_ROM,high,40.0,10,en,0.8,0.1702127659574468,3.68,6.64,0.554,7918.7,Main daily morning walk par jaata hoon health ke liye,"ने इन डेली मॉर्णिंग, वाक, पार याता, हुन हेल्थ, केलिये."
HGM091,fp16,HING_MIX,high,40.0,10,hi,0.4,0.16071428571428573,4.37,6.44,0.678,7916.6,उसका visa application reject हो गया documents की वजह से,"उसका वीजा, आब्लिकेशन, रेजेक्ट हो गया, दोकुमन्स की वजा से।"
HGR091,fp16,HING_ROM,high,40.0,10,en,0.5,0.10714285714285714,4.88,8.49,0.575,7938.6,Uska visa application reject ho gaya documents ki wajah se,उसका वीजा application reject होगाया documents की वोया जे.
HGM092,fp16,HING_MIX,high,40.0,10,hi,0.3,0.08695652173913043,3.22,5.15,0.625,7903.5,इस month का electricity bill इस बार बहुत high आया,इस मौन्ट का एलेक्ट्रिसिटी बिल इस पार बहुत हाई आया.
HGR092,fp16,HING_ROM,high,40.0,10,en,0.3,0.08695652173913043,2.73,4.92,0.555,7903.2,Is month ka electricity bill is baar bahut high aaya,इस मंथ का एलेक्ट्रिसिटी बिल इस बार बहुत हाई आया.
HGM093,fp16,HING_MIX,high,40.0,10,hi,0.3,0.07692307692307693,3.52,5.01,0.702,7903.2,हमने पूरा weekend house shifting में ही waste कर दिया,हमने पूरा वेकेंड हाउस शिफ्टिंग में ही वास्ते कर दिया।
HGR093,fp16,HING_ROM,high,40.0,10,en,0.9,0.18867924528301888,3.0,5.43,0.552,7906.1,Humne poora weekend house shifting mein hi waste kar diya,"हम नो पूरा वीकेंड हाउस, शिफ्टिंग माइन हाई वास्ट कार्डिया"
HGM094,fp16,HING_MIX,high,40.0,10,hi,0.3,0.1346153846153846,3.59,5.38,0.668,7905.6,मेरे friend का wedding reception अगले Sunday शाम को है,मेरे फ्रेंड का वेदिंग रेसेप्शन अगली सुन्दे शाम को है।
HGR094,fp16,HING_ROM,high,40.0,10,en,0.5,0.2692307692307692,3.16,5.61,0.564,7908.7,Mere friend ka wedding reception agle Sunday shaam ko hai,निर फ्रेंड. का वेडिंग रिसेप्षन. एगल संडे शाम को हाई.
HGM095,fp16,HING_MIX,high,40.0,10,hi,0.2,0.05454545454545454,4.11,6.3,0.652,7915.1,उसने अपना business model completely change कर दिया इस साल,उसने अपना Bushiness Model Complete है चंगे कर दिया इस साल.
HGR095,fp16,HING_ROM,high,40.0,10,en,0.6,0.23636363636363636,3.17,5.61,0.565,7908.7,Usne apna business model completely change kar diya is saal,"उसने अपना बिस्निस मॉडल कमप्लीटली चेंज कारदिया, इस साल।"
HGM096,fp16,HING_MIX,high,40.0,10,hi,0.5,0.12,3.94,5.98,0.659,7911.6,यह website बहुत slow load हो रही है browser में,यह वेब शीते बहुत स्लोर लोड हो रही है. ब्राउजर में
HGR096,fp16,HING_ROM,high,40.0,10,en,0.6,0.19607843137254902,3.35,5.94,0.563,7911.2,Yeh website bahut slow load ho rahi hai browser mein,"ये वेबसाइट बाहुट स्लो लोड हो, राही हाई ब्राॉजर, माइन."
HGM097,fp16,HING_MIX,high,40.0,10,hi,0.1,0.047619047619047616,4.76,7.47,0.637,7927.6,मुझे जल्दी अपना password reset करके account recover करना पड़ेगा,मुझे जल्दी अपना password रहसित करके account recover करना पड़ेगा.
HGR097,fp16,HING_ROM,high,40.0,10,en,0.6,0.14285714285714285,4.25,7.33,0.58,7926.2,Mujhe jaldi apna password reset karke account recover karna padega,मुझे यालदी अपना पासवर्ड रिसिट कारके अकाउंट रिकॉवर कारणा पादिगा।
HGM098,fp16,HING_MIX,high,50.0,10,hi,0.1,0.018867924528301886,3.43,6.08,0.564,7912.7,हमारी flight delay हो गई इसलिए connecting flight miss हुई,"हमारी flight delay हो गई, इसलिए connecting flight miss होई."
HGR098,fp16,HING_ROM,high,50.0,10,en,0.5,0.16981132075471697,3.62,5.98,0.605,7911.7,Hamari flight delay ho gayi isliye connecting flight miss hui,"हमारी फ्लाइट डिले हो गाई, इसली. कनेक्टिंग फ्लाइट, मिस हुई."
HGM099,fp16,HING_MIX,high,45.5,11,hi,0.5454545454545454,0.16666666666666666,3.21,5.85,0.55,7910.2,उसने पूरी night code लिखकर assignment submit किया deadline से पहले,उसने पूरी नाइट कोड लिखकर आशिन मंद सुबमीद किया डेडलाइन से पहले।
HGR099,fp16,HING_ROM,high,45.5,11,en,0.7272727272727273,0.25,4.37,6.26,0.698,7914.7,Usne poori night code likhkar assignment submit kiya deadline se pehle,"उसने एपोरी नाइट कोड. लिकार साइनमेंट सबमिक किया डेडलाइन, सपेले."
HGM100,fp16,HING_MIX,high,36.4,11,hi,0.18181818181818182,0.05357142857142857,3.02,5.33,0.566,7905.3,मेरे office का work from home policy अगले month change होगी,मेरी Office का Work from Home Policy अगले Month चांज होगी।
HGR100,fp16,HING_ROM,high,36.4,11,en,0.8181818181818182,0.35714285714285715,3.26,4.86,0.67,7903.2,Mere office ka work from home policy agle month change hogi,मिर आफिस का वर्क फुम होम पॉलिसी एगल मन्थ चेंज होगी
